{
  "notebook": "03_classical_baselines",
  "n_samples": 1500,
  "n_folds": 5,
  "models": [
    {
      "name": "Logistic Regression",
      "mean_f1": 0.7885616299170433,
      "std_f1": 0.01909076944516432,
      "mean_auc": 0.7600703254130063,
      "mean_prec": 0.7970727555668763,
      "mean_rec": 0.7806217120994738,
      "mean_iou": 0.6513461174111174
    },
    {
      "name": "SVM (RBF)",
      "mean_f1": 0.7974139573366343,
      "std_f1": 0.02982748334192653,
      "mean_auc": 0.7822439242010455,
      "mean_prec": 0.819250978370832,
      "mean_rec": 0.7777474892395982,
      "mean_iou": 0.6640973153694946
    },
    {
      "name": "Random Forest",
      "mean_f1": 0.8368495718865354,
      "std_f1": 0.007819283977442443,
      "mean_auc": 0.8097845966317635,
      "mean_prec": 0.7439279062069953,
      "mean_rec": 0.9569392635102822,
      "mean_iou": 0.7195455854640752
    }
  ],
  "best_classical": "Random Forest",
  "best_f1": 0.8368495718865354
}